<?xml version="1.0" encoding="UTF-8"?>
<beans xmlns="http://www.springframework.org/schema/beans"
       xmlns:xsi="http://www.w3.org/2001/XMLSchema-instance"
       xmlns:context="http://www.springframework.org/schema/context"
       xmlns:batch="http://www.springframework.org/schema/batch"
       xsi:schemaLocation="http://www.springframework.org/schema/beans http://www.springframework.org/schema/beans/spring-beans.xsd
                http://www.springframework.org/schema/context http://www.springframework.org/schema/context/spring-context.xsd
                http://www.springframework.org/schema/batch http://www.springframework.org/schema/batch/spring-batch.xsd">


    <!-- Import our beans -->
    <import resource="classpath:/applicationContext.xml" />

    <job id="simpleFileImportJob" xmlns="http://www.springframework.org/schema/batch">
        <step id="importFileStep" next="archiveFileStep">
            <tasklet>
                <chunk reader="productReader" processor="productProcessor" writer="productWriter" commit-interval="5" />
            </tasklet>
        </step>
        <step id="archiveFileStep">
            <tasklet ref="archiveFileTasklet" />
        </step>
    </job>

</beans>